comment,noun,adj,verb
"오잉?프사,배사가 바꿨네요?! 제가 지금 본건강ㅋㅋㅋㅋ","['오잉', '프사', '배사', '지금', '건강']",[],['바꾸다']
"선댓후감상! 오늘도 재밌게 볼께요오
+저는 축구 보면서 축구하고 싶네욬ㅋㅋㅋㅋ
오늘 영상도 재밌게 잘 봤습니다","['선', '감상', '오늘', '축구', '축구', '오늘', '영상']","['재밌다', '재밌다']","['보다', '보다', '싶다', '자다', '보다']"
"석꾸:야 이거 누가 생각해냈냐!!!
람꾸:이거 맨날 해 줘ㅋㅋㅋ","['석', '누가', '생각', '람', '해']",[],"['꾸다', '해내다', '꾸다', '주다']"
프사 배사가 너무 미소년체 아닌가유?ㅋㅋㅋ 넘 귀엽어요ㅋㅋㅋ,"['프사', '배사', '미소년', '체', '가유']","['아니다', '귀엽다']",['넘다']
프사 예쁘네요. 배그하는 모습도 있네요~~~,"['프사', '배그', '모습']","['예쁘다', '있다']",[]
"와 엔딩장면이랑 프사 이쁘네여!
근데 진짜 아래에서 올라오겠닼ㅋㅋㅋㅋ","['엔딩', '장면', '프사', '아래']",['이쁘다'],"['오다', '올라오다']"
저 석꾸축구 진짜많이 봐요,"['석', '축구']",[],"['꾸다', '보다']"
"아니...  석꾸님 그래도 다른 사람들도 집콕하는데 너무하네요
실망했습니다.....





라고 찐다 악플러가 말했다.
석꾸는 몸조심 하시고 행복하세요!","['꾸', '다른', '사람', '집콕', '악플러', '말', '석', '몸조심']","['아니다', '너무하다', '실망하다', '행복하다']","['하다', '찌다', '하다', '꾸다', '하다']"
석꾸축구 넘 제밌다 ㅎㅎ,"['석', '축구', '제밌다']",[],"['꾸다', '넘다']"
프로필 배그ㅋㅋㅋ,"['프로필', '배그']",[],[]
재미있다 ㅋㅋ,[],['재미있다'],[]
프사보고 모르는 유튜버라 지나칠번 했네,"['프사', '보고', '유튜버']",[],"['모르다', '지나치다', '하다']"
프사귀여워ㅋㅋ,['프사'],['귀엽다'],[]
우리는 컴터하면서 밥먹으면 엄빠가 뭐라하는데ㅜㅜ,"['우리', '컴터', '밥', '엄빠']",[],"['하다', '먹다', '뭐라다']"
2:16 집에서 리프팅 할때 공감 ㅋㅋㄱ,"['집', '리프', '팅', '공감']",[],['하다']
프사 너무  귀엽다,['프사'],['귀엽다'],[]
석꾸축꾸 재밌어요 꿀잼~~,"['석', '축', '꿀잼']",['재밌다'],"['꾸다', '꾸다']"
"32등 이요 사랑해요ㅠㅠㅠ
답글 한번만요","['이요', '사랑', '답글', '번만']",[],['하다']
뭔가 석꾸님 집에서 축구하는거 볼때  방음이 잘 안되는 것 같은데 ? 아닌가?ㅋㅋㅋㅋㅋ기분이 나쁘셨다면 죄송합니다,"['뭔가', '꾸', '집', '축구', '볼때', '방음', '기분']","['안되다', '같다', '아니다', '나쁘다', '죄송하다']","['하다', '자다']"
프로필 보고 석꾸 안닌줄 안 사람 손,"['프로필', '보고', '석', '안닌줄', '사람', '손']",[],['꾸다']
이건ㅋㅋ거의석꾸게임ㅋㅋ,"['거의', '석', '게임']",[],['꾸다']
히루동안축구보기가 더 쉽겠다 ㅎㅎ,"['루', '동안', '축구', '보기']",[],['쉬다']
전 하루 종일 축구하는 게 운동도 되고 좋을거 같아요 ㅋㅋㅋㅋ케,"['하루', '종일', '축구', '게', '운동', '케']","['좋다', '같다']","['하다', '되다']"
석꾸 프사 귀엽😀😀,"['석', '프사']",['귀엽다'],['꾸다']
석꾸님 프로필 귀엽다,"['꾸', '프로필']",['귀엽다'],[]
주인 진짜 올라오겠다 ㅋㅋㅋ,['주인'],[],['올라오다']
석꾸축구님 힘내세요~~~!!그리고 두분 너무 잘어울려요,"['석', '축구']",[],"['꾸다', '힘내다', '어울리다']"
"석꾸님 프로필 바꾸셨네요 엄청 예뻐요
그 리고 석꾸티비 사랑해요!","['꾸', '프로필', '리', '석', '티비', '사랑']",['예쁘다'],"['바꾸다', '꾸다', '하다']"
석꾸형 프사 바꿨네ㅋㅋ 람꾸님은 축구보는거 너무 쉽데ㅋㅋㅋ난 어려운데ㅠㅋㅋ,"['석', '형', '프사', '람꾸님', '축구', '난']",['어렵다'],"['꾸다', '바꾸다', '보다', '쉬다']"
프사 이쁘네요 밥아저씨래 ㅋㅋㅋ,"['프사', '밥', '아저씨']",['이쁘다'],[]
석꾸님 유튜브 프사 바꿨네요 귀여워요,"['꾸', '유튜브', '프사']",['귀엽다'],['바꾸다']
체널아트 변경스!,"['체널', '아트', '변경', '스']",[],[]
축구보기는 컴퓨터가 더 힘들 듯ㅋㅋㅋ 고생한다,"['축구', '보기', '컴퓨터', '듯', '고생']",['힘들다'],['하다']
"형 영상 많이많이 찍어요 심심해요 ㅠㅅㅠ
석꾸축꾸 50만 가즈아","['형', '영상', '석', '축', '가즈']",['심심하다'],"['찍다', '꾸다', '꾸다']"
석꾸축꾸 되게 재미있게 보고 있어요,"['석', '축', '보고']","['재미있다', '있다']","['꾸다', '꾸다']"
석꾸님 프사멋있어용!!!!,"['꾸', '프사']",['멋있다'],[]
저 석꾸축구 구독했어요,"['석', '축구', '구독']",[],"['꾸다', '하다']"
와 프사 이쁘다 ㅜㅜㅜㅜ,['프사'],['이쁘다'],['오다']
아니 루이즈랑밥아저씨 ㅁㅊㅋㅋㅋㅋㅋㅋ,"['루', '이즈', '밥', '아저씨']",['아니다'],[]
게임 크리에이터 석꾸축궄ㅋㅋㅋㅋㅋㅋㅋㅋㅋㅋㅋㅋㅋㅋㅋㅋㅋㅋㅋ,"['게임', '크리에이터', '석', '축구']",[],['꾸다']
석꾸 층간소음 울려서 방송 끝나고 아래 위 옆에서 사람들 와서 역먹은 것은 아니겠지????ㅋㅋㅋ,"['석', '층간소음', '방송', '아래', '위', '옆', '사람', '역']",['아니다'],"['꾸다', '울리다', '끝나다', '오다', '먹다']"
"석꾸님 오랜만에 보는데도 재미있네요~!!!
화이팅~~~~~^^","['꾸', '화이팅']",['재미있다'],['보다']
무조건 하루종일 축구보기죠 ㅎㅎㅋㅋ,"['무조건', '하루', '종일', '축구', '보기']",[],[]
마지막에 석꾸캐릭터 귀엽다 ㅋㅋㅋ,"['마지막', '석', '캐릭터']",['귀엽다'],['꾸다']
다시  구독자가 늘고  있습니다다다다다,"['다시', '독자', '다다']",['있다'],[]
3:06 ㅈㅎㅇ,[],[],[]
오늘 학교 수업에서 샹제리제 노래 배웠는데 은 골로캉테 노래랑 완전 비슷함,"['오늘', '학교', '수업', '샹', '리제', '노래', '은', '골로', '캉테', '노래', '완전']",['비슷하다'],['배우다']
귀여운 컨텐츠 ㅋㅋ,['컨텐츠'],['귀엽다'],[]
프사귀엽네요 ㅎㅎㅎ,['프사'],['귀엽다'],[]
오 제이미바디 ㅎㅎㅎ 레스터팬이에요,"['제이', '바디', '레스터', '팬']",['밉다'],[]
람꾸 귀여웡,"['람', '귀여웡']",[],['꾸다']
2:02 우리 집에서 하면 최소 등짝스매슁,"['우리', '집', '최소', '등짝스매슁']",[],['하다']
오랜만에 올라 왔드아!!!!,['왔드'],[],['오르다']
"형 ㅠㅠ 요즘 구독자 계속 떨어지네ㅠㅠ
그래도 응원할게 사랑해","['형', '요즘', '독자', '계속', '응원', '사랑']",[],"['떨어지다', '하다', '하다']"
채널아트 이뻐요~~~근데 누가그린거예요?람꾸님인가?,"['채널', '아트', '누가', '람꾸님']",['이쁘다'],['그리다']
프사 바꾸셨네요 석꾸님,"['프사', '꾸']",[],['바꾸다']
석꾸님 항상 재미있어요!,"['꾸', '항상']",['재미있다'],[]
캉테 특)귀여움,"['캉테', '특', '움']",[],[]
발 포기하기vs눈 포기하기,"['발', '포기', '눈', '포기']",[],"['하다', '하다']"
프사귀여워ㅓㅓㅓㅓ,['프사'],['귀엽다'],[]
석꾸님 댓글달리는게 소원이에요!ㅠ 항상 재밌게보고있고 배그 너무잘하세요!!!!,"['꾸', '댓글', '소원', '항상', '배그']",['재밌다'],"['달리다', '보다', '자다']"
컴퓨터 장비 소개 해주세요 제발 궁금해요ㅠㅠ,"['컴퓨터', '장비', '소개', '제발']",['궁금하다'],['해주다']
영상 찍는데 20분도 안걸렸을듯,['영상'],[],"['찍다', '걸리다']"
0:46~0:48 자체브금ㅋㅋ,"['자체', '브금']",[],[]
힘내요석꾸ㅠㅠㅠㅠ,['석'],[],"['힘내다', '꾸다']"
프로필이 빠꿨네요ㅎㅎ,"['프로필', '빠꿨네']",[],[]
석꾸님 프사바꾸셨네 커엽다,"['꾸', '프사', '커엽다']",[],['바꾸다']
안녕하세요 석꾸축구님^^저는 매일 석꾸님영상보고잇는 사람입니다 코로나조심하세요^^좋아요눌럿어요,"['석', '축구', '매일', '꾸', '상보', '사람', '코로나', '눌럿']","['안녕하다', '이다', '좋다']","['꾸다', '잇다', '조심하다']"
저런 착한여자 거의 없는데 석구 부럽누,"['저런', '여자', '거의', '누']","['착하다', '없다', '부럽다']",[]
지루하겠다ㅠㅠ,[],['지루하다'],[]
5분후다...,[],[],[]
프사귀엽당ㅎㅎ,['프사'],['귀엽다'],[]
"오오 옛날에는 하루종일 축구 VS 하루종일 게임 이었는데!
프로필 사진하고 채널아트 예쁘네요!!","['옛날', '하루', '종일', '축구', '하루', '종일', '게임', '프로필', '사진', '채널', '아트']",['예쁘다'],['이다']
석꾸님 짱   ㅋㅋㅋㅋ  이런  컨텐츠   너무 좋아요 너무너무  재미있습니다.,"['꾸', '짱', '컨텐츠']","['이렇다', '좋다', '재미있다']",[]
60등ㅋㅋㅋㅋㅋㅋ,[],[],[]
석꾸님 고알레 집에서 축구하는거 잘 보셨어용 굳,"['꾸', '알레', '집', '축구']",['굳다'],"['하다', '자다', '보다']"
축그 유튜버,"['축그', '유튜버']",[],[]
나라면 보면서 할거임ㅋㅋㅋㅋㅋㅋ,"['나라', '임']",[],"['보다', '하다']"
약간 파뿌리 24시간  챌린지랑 비슷한 챌린지네요ㅋ,"['약간', '파', '뿌리', '린지', '린지']",['비슷하다'],"['채다', '채다']"
석꾸축구님 코로나조심하시고 건강하시고 항상 응원합니당 재밌는 영상 찍어주셔서 감가사합나당^.^♥응원합니당,"['석', '축구', '코로나', '항상', '응원', '영상', '감', '응원']","['건강하다', '재밌다']","['꾸다', '조심하다', '하다', '찍다', '사하다', '하다']"
배그 스쿼드 시참 하면 안되나요?,"['배그', '스쿼드', '시']",['안되다'],"['차다', '하다']"
먹이면서ㅋㅋ,[],[],['먹이다']
석꾸님 항상 응원할게요! !,"['꾸', '항상', '응원']",[],['하다']
와 미친 컨텐츠 너무좋고 채널아트도 멋져❤️❤️,"['컨텐츠', '채널', '아트']","['미치다', '좋다', '멋지다']",['오다']
석꾸님 힌판또요 자신있어요 군데 케나다에서 살아요 화이트캡스 1시간거리에요,"['꾸', '힌판또', '군데', '케나다', '화이트', '캡스']",[],"['자시다', '살다']"
다 힘들것 같아요.............,[],"['힘들다', '같다']",[]
항상응원합니당,"['항상', '응원']",[],['하다']
오늘 왜 석꾸벅이 없어요...??,"['오늘', '꾸벅']",['없다'],[]
"석꾸님 영상자주올려주세요
다시구독자 50만가자","['꾸', '영상', '자주', '독자']",[],"['올려주다', '달다']"
와우찡긋!!,"['와우', '찡긋']",[],[]
람꾸는 모든걸 내려놓고 밥을 먹고 축구 신청을 했다.,"['람', '걸', '밥', '축구', '신청']",[],"['꾸다', '내려놓다', '먹다', '하다']"
71빠 양심적으로 했음니닼ㅋ 좋아요 눌러 주세요,"['빠', '양심', '니']",['좋다'],"['하다', '누르다', '줄다']"
람꾸님 승~~,"['람꾸님', '승']",[],[]
저러면 ㄹㅇ 아래서 올라오지 않음 ?,['아래'],[],"['저러다', '올라오다', '않다']"
축꾸박사 언제 나와요?,"['축', '박사', '언제']",[],"['꾸다', '나오다']"
축구 좋아하는 집돌이에게 축구보기는 일상이죠 ㅋㅋㅋㅋㅋㅋㅋㅋ,"['축구', '집', '돌이', '축구', '보기', '일상']",['좋아하다'],[]
프사 귀엽...♥♥,['프사'],['귀엽다'],[]
1시간전 되게 빨리왔네,[],[],['오다']
나만 석꾸님 엄원상 선수닮았다고 생각하나.....,"['꾸', '엄', '원상', '선수', '생각', '하나']",[],['닮다']
화장은 진리다!,"['화장', '진리']",[],[]
와 근데 내가 1년전에 봤는데 구독자가 1도 안늘어,['독자'],[],"['오다', '보다', '늘다']"
바뀐점 모르는 사람 없제?,"['점', '사람']",['없다'],"['바뀌다', '모르다']"
채널아트 바꿨네용,"['채널', '아트']",[],['바꾸다']
축구 보기!!,"['축구', '보기']",[],[]
제가 원하는 삶이네요..,[],['원하다'],['삶다']
석꾸님 혹시 매일이 뭐새요?????,"['꾸', '혹시', '매일', '뭐새']",[],[]
옛날 축구 영상이네요,"['옛날', '축구', '상이']",[],[]
"석꾸추구 배경프사진짜


자세히보기","['석', '추구', '배경', '프사', '보기']",['자세하다'],['꾸다']
ㅋㅋ,[],[],[]
ㅋㅋ,[],[],[]
난 집 안에서 축구 하다가 밑 집 할머니 한테 욕 엄청 먹어 는데,"['난', '집', '축구', '밑', '집', '할머니', '욕']",[],"['하다', '먹다']"
키보드 알려주세요,"['키', '보드']",[],['알다']
안녕하세용코로나19조심하세용!!!,['코로나'],['안녕하다'],[]
ㅋㅋ,[],[],[]
석꾸님 멋쟁이시내요.,"['꾸', '멋쟁이', '시내']",[],[]
집에서 축구하는거 공감,"['집', '축구', '공감']",[],['하다']
고무장갑으로 골키퍼해주세요.,"['고무장갑', '골키퍼']",[],['해주다']
전국투어 언제함 ㅜㅜ,"['전국투어', '함']",[],[]
어! 구독자 44만명 축하삽니다,"['독자', '축하']",[],['사다']
석꾸축꾸구독!,"['석', '축', '구독']",[],"['꾸다', '꾸다']"
형.....구독자가 줄고있어...,"['형', '독자']",[],['주다']
역시 석꾸축꾸는 재미있는 영상이다.,"['역시', '석', '축', '영상']",['재미있다'],"['꾸다', '꾸다']"
배그 친추받아주기 컨텐추 해주세용^^,"['배그', '친추', '컨텐추']",[],"['받다', '해주다']"
"난 직접 축구 하는게 더 나은 듯......
인정하면 좋아요","['난', '직접', '축구', '나은', '듯', '인정']",['좋다'],"['하다', '하다']"
"근데 생각해보면 찍고 있는 사람은
못하지 않나..... 그럼 하루종일이 어닌데...","['생각', '사람', '하루', '종일', '어닌데']","['있다', '그렇다']","['해보다', '찍다', '하다', '않다']"
석꾸님 집에서 축구하는거 아랫집에서 뭐라 안해요?,"['꾸', '집', '축구', '집', '안해']",[],"['하다', '뭐라다']"
모니터 저랑 똑같은거시네요!! 모니터 꺼지는거 저만 그런가요..?,"['모니터', '똑', '모니터', '가요']",['같다'],['꺼지다']
석꾸님 킥커볼 하기 전 부터 밨는데 지금은 44만명이시네,"['꾸', '킥', '볼', '부터', '밨는데', '지금']",[],"['크다', '하다']"
축구보는게 더쉴울 듯,"['축구', '듯']",[],"['보다', '쉬다']"
석꾸님 프로필 바뀌셨네,"['꾸', '프로필']",[],['바뀌다']
"내일은 결전의날이다....  동생이 좋아하는 돌문과 
내가 좋아하는 뮌헨경기날!!  뮌헨 17승 1무 가즈아!!","['내일', '결전', '날', '동생', '돌', '문과', '뮌헨', '경기', '날', '뮌헨', '승', '무', '가즈']","['좋아하다', '좋아하다']",[]
"ㅋㅋㅋ 석축은 역시 꿀잼! ㅋㅋ
석축 구독! 좋아요는 필수!!","['축', '역시', '꿀잼', '축', '구독', '필수']",['좋다'],['늘다']
첼시의 치어리더,"['첼시', '치어리더']",[],[]
석꾸 님,['석'],[],['꾸다']
구독자가......,['독자'],[],[]
지금 석꾸님  복 근  있어요?,"['지금', '꾸', '복']",['있다'],[]
"석꾸님 컴퓨터 뭔가요,,? 궁금해서요 제발 알려주시면 안되나여?","['꾸', '컴퓨터', '뭔가', '제발']","['궁금하다', '안되다']",['알다']
파뿌리 보고 한것이에요? 아니면 자기가 그냥 생각 했나요?,"['파', '뿌리', '보고', '자기', '그냥', '생각']",['아니다'],['하다']
석꾸님 트원 코브라 클래식 게임해주세요,"['꾸', '트원', '코브라', '클래식', '게임']",[],['해주다']
내동생이 형 공룡치킨이래,"['동생', '형', '공룡', '치킨']",[],[]
17:00 계속 누르니깐 난 웃기네,"['계속', '난', '웃기']",[],['누르다']
3:14 내이름나왔다,['이름'],[],['나오다']
16:56 핏줄하고 근육보소 ㄷㄷ,"['핏줄', '근육']",[],['보다']
19:54 하준짱tv.. 정말 아깝다ㅏ..,"['준', '정말']",['아깝다'],[]
16:59 레게노..,"['레게', '노']",[],[]
12:00 X바X바~,"['바', '바']",[],[]
제가 이현주입니다. 석꾸님 열심히 이름을 불러 주셔서 감사합니다.6분39초 입니다.,"['이현주', '꾸', '이름']","['이다', '이다']","['불다', '주다', '감사하다']"
흠 내 이름이 안나왔군 좋아야되나 말아야되나 그만큼 오래됐다는 증거인데...ㅋㄱㅋㄱㅋㄱㅋㅋㅋㅋ,"['흠', '이름', '증거']",['좋다'],"['나오다', '말다', '돼다']"
17:00 앙앙기모젖꼭띠 ㅈㄴ 웃기네ㅋㅋㅋ,"['젖꼭띠', '웃기']",[],[]
자기 이름 나오나 배속 또는 10초씩 넘겨서 본 분 손! ㅋㅋㅋ,"['자기', '이름', '배속', '손']",[],"['나오다', '넘기다', '보다']"
17:00 이름 앙앙기모적꼭지님 이름보고 한참웃었다.(감사),"['이름', '기모', '꼭지', '이름', '보고', '한참', '감사']",[],['웃다']
18:26 ㅋㅋㅋ모아잌ㅋㅋㅋㅋ근데 저는 없네요..,['모아이'],['없다'],[]
제가 구독을 많이 예전에 해서 이름이 없네요... 저랑 같은 처지인 사람분들 좋아요해주세요~,"['구독', '예전', '이름', '처지', '사람']","['없다', '같다', '좋다']","['하다', '해주다']"
17:14 나왔당,[],[],['나오다']
자기이름 나올까봐 영상 돌리는분 좋아요!!!,"['자기', '이름', '영상']",['좋다'],"['나오다', '돌리다']"
아ㅠㅠㅠ 나는 끝까지 안나오네ㅠㅠㅠ 너무 일찍 구독햐서 그런가??저 13만번쨔 구독자에요!!!,"['끝', '일찍', '구독햐', '런가', '독자']",[],['나오다']
"18:15 드디어 찾았다!! 석꾸님과 광희님
완전 팬이예요 이름 불러주셔서 감사요","['꾸', '광희', '완전', '팬', '이름', '감사']",[],"['찾다', '불다']"
17:00ㅋㅋㅋㅋㅋㅋㅋㅋ,[],[],[]
17:00살짝 신태일 발음 ㅋㅋㅋㅋㅋㅋㅋㅋㅋㅋㅋㅋㅋ,"['살짝', '신태일', '발음']",[],[]
내가 500명때 석꾸축꾸를 구독했는데ㅠㅠㅠㅠㅠㅠㅠㅠㅠㅠㅠ석꾸님 벌써이렇게40만이ㅠㅠㅠㅠㅠ,"['명때', '석', '축', '구독', '꾸', '벌써']",[],"['꾸다', '꾸다', '하다']"
내 이름도 안나왔네 오래돼서 그런가 ㅋㅋㅋㅋㅋㅋㅋ 구독한지 오래돼서 그런가.....ㅋㅋㅋ,"['이름', '런가', '구독', '한지', '런가']",[],"['나오다', '돼다', '돼다']"
내이름도 안나왔네...240명때 구독해서그런가...,"['이름', '명때', '구독', '런가']",[],"['나오다', '하다']"
내이름아나왔네.....ㅠㅠㅠㅠㅠㅠㅠㅠㅠ 석꾸축구화이팅!!!!!!!,"['이름', '석', '축구', '화이팅']",[],"['나오다', '꾸다']"
다음에는 오래된순대로 불러주시면 감사하겠습니다~~~,"['다음', '순대']",['오래되다'],"['불다', '감사하다']"
ㅠㅠ 구독한지3년이넘어서ㅠㅠㅠㅠ 안나오네여 2년인가? ㅋㅋㅋㅋㅋㅋㅋㅋㅋ,"['구독', '한지']",[],['나오다']
",모아이가 많은 이유는 재민티비님 유튜브에 쳐보세요ㅋㅋ","['모아이', '이유', '재민', '티비', '유튜브']",['많다'],"['치다', '보다']"
석꾸님 직접 구독자를 불러주시느라 고생하셨습니다~ 항상 잘보고있습니다 감사합니다,"['꾸', '직접', '독자', '고생', '항상']",[],"['불다', '하다', '보다', '감사하다']"
이름중에 그 모아이 내가 아는 모아이 맞나?ㅋㅋㅋㅋㅋ,"['이름', '모아이', '모아이']",[],"['알다', '맞다']"
석꾸님 다음에는 오래된 순서로 해주시면 감사하겠습니다~~ ^^ ♡♡,"['꾸', '다음', '순서', '해주시']",['오래되다'],['감사하다']
난 석꾸축꾸 17만명때 구독했는데 다른계정으로는 986명때구독했는데계정이 사라져서 ..ㅠ,"['난', '석', '축', '구독', '계정', '명때', '구독', '계정']",[],"['꾸다', '꾸다', '하다', '하다', '사라지다']"
슈팅 44만번 해야해 ㅋㅋ,['슈팅'],[],['하다']
와 진짜 석꾸축구 찐팬인데 내 이름이 안나오네 ㅠㅠㅠ,"['석', '축구', '팬', '이름']",[],"['오다', '꾸다', '찌다', '나오다']"
내 이름이 나왔는지 모르겄네ㅠㅠ,"['이름', '모르겄']",[],['나오다']
그전에 구독했는데 폰을 바꿔서 오늘 구독 했네요..ㅠ ( 죄송해요..ㅠ 다음엔 내이름이 나왔기를..ㅠ ),"['구독', '폰', '오늘', '구독', '다음', '이름']",['죄송하다'],"['하다', '바꾸다', '하다', '나오다', '기르다']"
석꾸가 구독자를 사랑하는 마음이 슈팅한 횟수,"['석', '독자', '사랑', '마음', '슈팅', '횟수']",[],"['꾸다', '하다']"
다음엔 오래된 분들도 해주세요ㅠㅠㅠ,['다음'],['오래되다'],['해주다']
와...나 이거 이름 불리고 싶어서 구독 눌름 ㅋㅋㅋ나중에도 해주세요!!,"['이름', '불리', '구독', '나중']",[],"['오다', '싶다', '누르다', '해주다']"
저 나올줄 알고 기대했어여ㅠㅠ 저도 최신 구독자거든여ㅠ 근데 이와중에 슈팅 잘하시네요ㅋㅋ,"['알', '최신', '독자', '와중', '슈팅']",['기대하다'],"['나오다', '거들다', '하다']"
저나왔나요? 너무영상이길어서못봤어요  ㅋㅋ 석꾸축구화이팅!!!,"['무영', '석', '축구', '화이팅']",[],"['나오다', '이기다', '보다', '꾸다']"
저는 3년째 팬인데 안 나오네요 ㅠㅠ 다음에는 오래된순으로 부탁해요,"['팬', '다음', '순', '부탁']",['오래되다'],"['나오다', '하다']"
생각도 못한 방법이네요 ㅋㅋㅋ,"['생각', '못', '방법']",[],[]
나는 너무 오래전에 구독했네 ㅠㅠㅠ  그만큼 재밌어서 구독 애전부터 혰곘죠? 다음에는 오래된사람도 ㅠㅠ 해주면 좋곘네요,"['구독', '구독', '애전', '혰곘', '다음', '사람', '좋곘네']","['재밌다', '오래되다']","['하다', '해주다']"
석꾸축구님 부디 재가 안나왔지만 석꾸축구님 너무 영상잘보고 있고 사랑해요,"['석', '축구', '부디', '재', '석', '축구', '영상', '사랑']",['있다'],"['꾸다', '나오다', '꾸다', '보다', '하다']"
구독을 하도전에 해서 쩌기~~~~~~밑에 있을거에욬ㅋㅋㅋ,"['구독', '쩌기', '밑']",['있다'],"['하다', '하다']"
1년넘어서 안나옴ㅠㅠ,[],[],['나오다']
5만명때부터 봤는데 좋은건가 안좋은건가....,"['건가', '건가']","['좋다', '안좋다']",['보다']
"내이름은안나왔네요
괜찮아요
다음에는꼭해주겠죠 석꾸님화이팅
저 제이름불러주겠지하고25분58초동안계속들여다본 1인ㅋㅋㅋㅋ","['이름', '다음', '꼭', '꾸', '화이팅', '이름', '인']",['괜찮다'],"['나오다', '해주다', '불다']"
으앙~ㅠㅠ나 안나왔쪄ㅠㅠ,[],[],"['나오다', '찌다']"
전 천명때부터 구독햇는데..,"['천명', '구독', '햇']",[],['늘다']
몇만명일때 구독해서 아쉽네요 ㅠㅠㅠㅠㅠ 석꾸축구 화이팅!,"['명일', '구독', '석', '축구', '화이팅']",['아쉽다'],"['하다', '꾸다']"
석꾸축구님 여기 저게 다녔던 축구장 이였어요 (대박!!!!!!!!!!!!!!!!!!!!!!!!!!!),"['석', '축구', '여기', '축구장', '대박']",[],"['꾸다', '다니다', '이다']"
아 나 없다ㅠㅠㅠㅠ 오래되서 그런가,['런가'],"['없다', '오래되다']",[]
오래된 순으로 불러주세요 제발요 저도 석꾸축구님 석꾸한테 이름 불려보고싶습니다 제발요~^^,"['순', '제발', '석', '축구', '석꾸', '이름', '제발']",['오래되다'],"['불다', '꾸다', '불다', '보다']"
제 이름이 안 나온이유가 구독한지 오래되서 그럴거에요ㅋㅋ,"['이름', '이유', '구독', '한지']","['오래되다', '그렇다']",['나오다']
저 구독한지 엄청 오래됬는데......... 내이름 없엉~~~ㅠㅠ,"['구독', '한지', '이름']","['오래되다', '없다']",[]
나 혼자 나오는 줄알고 기대했넼ㅋㅋㅋ,"['혼자', '줄알']",['기대하다'],['나오다']
내 이름 안나 왔다........ 석꾸축구 너무 해용!!!ㅎㅎ,"['이름', '안나', '석', '축구']",[],"['오다', '꾸다', '하다']"
2년전부터 구독했었는데 안불러주셧따ㅠㅠ.......그래도 수고하셧어요,"['구독', '셧', '수고']",[],"['하다', '불다', '따다', '하다']"
17:00 하이라이트,['하이라이트'],[],[]
석꾸님 100만이 될때까지 열심히 해주세요 전 석꾸님 영상 올라 오시면 꼭  챙겨 볼게요 그러니깐 석꾸님도 100만이 될때 까지 조금만더 노력해주세요,"['꾸', '꾸', '영상', '오시', '꼭', '꾸', '조금', '노력']",['그렇다'],"['되다', '해주다', '오르다', '챙기다', '보다', '되다', '해주다']"
안불렸당ㅠㅠㅡㅡ 불렸으면 언제나왔는지 알려줘요. 없을것 같지만...,['언제'],"['없다', '같다']","['불리다', '불리다', '나오다', '알다']"
제 이름이 안 나와서 살짝 아쉽네요😢,"['이름', '살짝']",['아쉽다'],['나오다']
이름 나올까봐 영상 다보는 사람있나?,"['이름', '영상', '사람']",['있다'],"['나오다', '보다']"
내 이름은 안나왔넹...ㅠㅠ 엄청난 구독자인데...ㅠㅠㅠㅠ,"['이름', '넹', '독자']",['엄청나다'],['나오다']
광석아...ㅜㅜ 경동고 이지호가 너랑 공한번 차고싶데 연락한번줘~~,"['광석', '경동고', '이지호', '한번', '연락', '한번']",[],"['차다', '주다']"
제 이름이 안 나왔네..ㅠㅠ ㅠㅠ  ㅠㅠ ㅠㅠ ㅠㅠ(너무 슬퍼요ㅠㅠ  나도 구독했는데 ㅠㅠ),"['이름', '구독']",['슬프다'],"['나오다', '나다', '하다']"
아ㅠㅠ 나 안나왔다 ㅠㅠ 그래도 석구축구 힘네요,"['축구', '힘']",[],['나오다']
아쉽데도 난 없네ㅠㅠㅜ,['난'],"['아쉽다', '없다']",[]
없넹ㅠㅠㅠㅠㅠ,['없넹'],[],[]
ㄴㅏ 나왔다! 닉넴 어제 바꿨는데ㅋㅋ해물 짬뽕,"['닉넴', '어제', '해물', '짬뽕']",[],"['나오다', '바꾸다']"
"나도 안나왔군ㅋㅋ이렇게 오래됐었나?
석꾸님!♡♡♡♡♥♥♥",['꾸'],[],"['나다', '나오다', '돼다']"
난 없다ㅠㅠ,['난'],['없다'],[]
이건옥인데 이건욱ㅋㅋ,"['옥', '욱']",[],[]
아...나 안 나왔다ㅜㅜ,[],[],['나오다']
도대체 모아이 구독자가 왜있는뎈ㅋㅋㅋㅋㅋㅋㅋ,"['도대체', '모아이', '독자']",['있다'],[]
형 나도 구독취소하고 다시구독할테니까 나도 불러줰ㅋㅋㅋㅋㅋㅋㅋㅋㅋㅋ,"['형', '구독', '취소']",['독하다'],"['나다', '달다', '나다', '불다']"
나 구독했다가 취소해버려서 내이름 않나왔서 😢😢😢😬,"['구독', '취소', '이름']",[],"['하다', '하다', '버리다', '않다', '나오다']"
"와,프사 바꾸셨네요ㅎㅎ",['프사'],[],"['오다', '바꾸다']"
여기 태풍 축구 교실 아니에요?  저 여기 몇번 와서 축구하고 태풍 클럽 대회에도 나갔느데,"['여기', '태풍', '축구', '교실', '여기', '몇번', '축구', '태풍', '클럽', '대회', '나갔느데']",['아니다'],['오다']
난왜 없을까........킥커볼때 구독했는데......,"['난왜', '킥', '볼때', '구독']",['없다'],"['크다', '하다']"
"전 안불러 졌네요..
다음에는 오래된 순서로 부탁해요~<","['다음', '순서', '부탁']",['오래되다'],"['불다', '지다', '하다']"
"절 안말해주셨지만 되신다면
댓글에 제이름을 써주세요ㅠㅠ","['절', '댓글', '이름']",[],"['알다', '해주다', '되다', '신다', '써주다']"
제 이름은 안나왓네여ㅠㅠ 담엔 불러주십쇼!!,"['이름', '안나', '왓', '담', '쇼']",[],['불다']
아 너무 오래되서 이른 안불렸다ㅠㅠ,[],['오래되다'],"['이르다', '불리다']"
"""축구선수는 통계적으로 경기 중 3분만 공을 소유한다 가장 중요한 것은 나머지 87분 동안 무엇을 하는거다 그것이 좋은선수와 나쁜선수를 가른다 "" 크루이프







이 띵언을 영상에서 찾으시오","['축구선수', '통계', '경기', '중', '공', '소유', '가장', '나머지', '동안', '무엇', '그것', '선수', '선수', '크루이프', '띵언', '영상']","['중요하다', '좋다', '나쁘다']","['하다', '가르다', '찾다']"
나 없다ㅜㅜ,[],['없다'],[]
저 찾아주실 능력자분...?ㅋㅋㅋㅋ,['능력자'],[],['찾다']
2019년 초반에 구독해서 난 없네 ㅠㅠㅠㅠ,"['초반', '구독', '난']",['없다'],['하다']
우와ㅠㅠ 내이름 불렀어!,['이름'],[],['부르다']
다음 영상에서 나머지 분들 불러주세요ㅠㅠ (그냥 불러줘도 돼요,"['다음', '영상', '나머지', '그냥']",[],"['불다', '불다', '돼다']"
"10초 건너 뛰기로 자기이름 찾고있었던 분
ㅜ
ㅜ","['건너', '자기', '이름']",[],"['뛰다', '찾다']"
10만전부터 봤는데ㅠㅠㄲㅂ,[],[],['보다']
내가 없넹..ㅠㅜㅠㅜㅠㅠㅠ,['없넹'],[],[]
나 나오는줄 알고 보고있었는데 진짜 다음에는 오래된순서로 부탁이요 ㅠ,"['알', '다음', '순서', '부탁']",['오래되다'],"['나오다', '보다']"
전500명됐을대구독해서없어요ㅠㅠ,"['명', '대구']","['독하다', '없다']",['돼다']
와 ㄷㄷ 석꾸 벌써 40만됐네..ㄸ,"['석', '벌써']",[],"['오다', '꾸다']"
와 진짜 너무하네ㅠ 나초기구독잔데 섭하네,"['나초', '구독']","['너무하다', '섭하다']","['오다', '자다']"
내이름 나올때까지 10초씩 넘기면서 봤더니  다 봤네,['이름'],[],"['나오다', '넘기다', '보다', '보다']"
석꾸님 저 방금 석꾸님 죽였어요 ㅎㅎ 리조트쪽에서,"['꾸', '방금', '꾸', '리조트', '쪽']",[],['죽이다']
4만때 부터 구독했습니다! 400만이 될때까지 화이팅!,"['부터', '구독', '화이팅']",[],"['하다', '되다']"
여기까지도 재민이 나오네ㅋㅋㅋㅋㅋ,"['여기', '재민']",[],['나오다']
내가 볼때 천명이였는데 많이 성장했다 ㅠㅠ,"['볼때', '천명']",['성장하다'],['이다']
전 안나왔어요ㅠㅠㅠㅠㅠ,[],[],['나오다']
저는 25분 영상 내번 이상 봤는데 이름이 없네요 ㅠㅠ 구독한지 일년정도 된거 같은데 ㅠㅠ,"['영상', '내번', '이상', '이름', '구독', '한지', '정도', '된거']","['없다', '같다']",['보다']
저 구독 했는데 ㅠㅠㅠ,['구독'],[],['하다']
나는안나왔다.. ㅠㅠㅠㅠ슬프다,[],['슬프다'],"['나다', '나오다']"
구독한지 2년 넘어서 그런지 안나오네요 ㅠ 그래도 구독 취소 영원히 안할게요^^,"['구독', '한지', '구독', '취소']","['그렇다', '영원하다']","['넘어서다', '나오다', '하다']"
제 댓글을 보셨다면 제 닉네임 씨게 한 번 불러주세요,"['댓글', '닉네임', '씨']",[],"['보다', '하다', '불다']"
25분동안 스킵 안하고 봤는데 저 않나 왔네요 ㅎㅎ^^ 다음에 나오겠죠?,"['스킵', '다음']",[],"['보다', '않다', '오다', '나오다']"
석꾸형 영상 계속 올리고 있는데 구독자 왜 떨어 지냐 ㅠㅠ,"['석', '형', '영상', '계속', '독자']",['있다'],"['꾸다', '올리다', '떨다', '지다']"
"17:34 이름 겁나
길다",['이름'],['길다'],['겁나다']
12:00 훔바훔바,['훔바훔바'],[],[]
10000명때부터 봤는데 불러주세여ㅠ,['명때'],[],"['보다', '불다']"
맞아요 저는 옛날에 구독했는데 안나오니까 속상하네요ㅠㅠ,"['옛날', '구독']",['속상하다'],"['맞다', '하다', '나오다']"
아 나없다ㅠㅠㅠㅠ,[],['없다'],[]
다시 구독자 오른다 석꾸 화이팅!!,"['다시', '독자', '석', '화이팅']",[],"['오르다', '꾸다']"
석꾸 너무 너무사랑해요♡♡,"['석', '무사', '해']",[],['꾸다']
아 최근에 구독할껄 ㅋㅋㅋㅋ ㅋㅋㅋㅋ,"['최근', '구독', '할껄']",[],[]
와 역시 석꾸님 짱 코로나도 조심 ㅎㅎ! 좋아요누르고갑니다^^ (구독함요~),"['역시', '꾸', '짱', '코로나', '조심', '구독', '함']",['좋다'],"['오다', '누르다', '가다']"
제 이름이 나왔네요ㅠㅠ,['이름'],[],['나오다']
제가 안나왔지만 재미있는 영상 올려 주셔서 감사합니다. 앞으로의 영상도 기대할게요.~~,"['영상', '영상']","['재미있다', '기대하다']","['나오다', '올리다', '주다', '감사하다']"
아 나 1년전에해는데ㅠㅠ,[],[],[]
석꾸형 배그 킬내기해주면 안돼??ㅋㅋㅋㅋㅋ,"['석', '형', '배그', '킬', '내기']",[],"['꾸다', '해주다', '돼다']"
ㅠㅠㅠㅠ냐이름구독햇는대 ㅠㅠㅠㅠㅠ,"['이름', '구독', '햇']",[],['늘다']
난왜ㅠㅠㅠ,['난왜'],[],[]
17:00 ㅋㅋㅋㅋㅋㅋㅋㅋㅋㅋㅋㅋㅋㅋㅋㅋㅋㅋㅋㅋㅋㅋㅋㅋ,[],[],[]
근데 이거 편집도 엄청 힘들었겠다ㅠ,['편집'],['힘들다'],[]
힝 난 없어ㅠㅠㅠㅠㅠ 너모해,"['힝', '난', '모해']",['없다'],[]
석꾸님 다음 부터 축구 영상 더 많이 올려주세요!,"['꾸', '다음', '부터', '축구', '영상']",[],['올려주다']
나도안놔왔네  구독을 오래전부터 해서ㅋㅋ,"['구독', '부터']",[],"['나다', '놓다', '오다', '하다']"
이런 컨텐츠는 진짜 구독자를 생각한다는 느낌이들어서 좋음 잠수타는 유튜버님 보고 배우셨느면..,"['컨텐츠', '독자', '생각', '느낌', '잠수', '유튜버님', '보고', '느']","['이렇다', '좋다']","['들어서다', '타다', '배우다']"
왜 나 안불러줌...ㅠㅠㅠㅠㅠㅠ,['줌'],[],['불다']
ㅋㅋㅋ네가 김뿌찌다,['김뿌찌'],[],[]
저는 석구축구 구독자  5만명때부터구독한거 같아요 ㅋㅋ,"['축구', '독자']",['같다'],[]
안나옴ㅠㅠ 구독 했는데 ㅜ,['구독'],[],"['나오다', '하다']"
아쉽게도 저는 없네요ㅠㅠ그래도 석꾸축꾸 사랑합니당~~,"['석', '축', '사랑']","['아쉽다', '없다']","['꾸다', '꾸다', '하다']"
석꾸축꾸 화이팅,"['석', '축', '화이팅']",[],"['꾸다', '꾸다']"
구독을 모댓어ㅠㅠㅠ,"['구독', '댓']",[],[]
내가 안나온건 구독한지 너무 오래되서일거야ㅠㅠ,"['안나', '온건', '구독', '한지']",['오래되다'],['이다']
저는 왜 안불려주셨네요ㅠㅠ,[],[],['불다']
