comment,noun,adj,verb
끌리는 제품이었는데 영태형의 검증 덕분에 나의 지갑은 지켰다 고마워요ㅎ,"['제품', '태형', '검증', '덕분', '지갑']",['고맙다'],"['끌리다', '이다', '지키다']"
방송하다 무서져야 빅재미였을텐데...,"['방송', '빅', '재미']",['무섭다'],"['하다', '이다']"
"오 저거 사고 싶었는데 ㅋㅋㅋㅋㅋ
그냥 약해 보이는 플라스틱이긴 하네요","['사고', '그냥', '플라스틱']",['약하다'],"['싶다', '보이다', '이기다', '하다']"
하루만원 짜리 쓰레기 됐네요 ㅜㅡㅜ 아깝.....그래도 님의 실수가 구매에 도움되는건 인정,"['하루', '만원', '쓰레기', '님', '실수', '구매', '도움', '인정']",['아깝다'],"['짜다', '돼다', '되다']"
뛰지만 않으면 그래도 쓸만한 접이식 안장이네요,"['접이식', '안장']",[],"['뛰다', '않다', '쓸다']"
"늘 재밌게 보고 있는데  다시 자주 업로드 해주실 분위기라서 다행이네요.
물건  소개 이후 계속 사용하시다가 제품에 대해 새로이 이야기해주시는  이런 영상 너무 좋은 것 같습니다.
앞으로도 많은 영상 부탁 드립니다.","['보고', '다시', '자주', '업로드', '분위기', '다행', '물건', '소개', '이후', '계속', '사용', '제품', '대해', '새로이', '이야기', '영상', '영상', '부탁']","['재밌다', '있다', '이렇다', '좋다', '같다', '많다']","['해주다', '하다', '해주다', '드리다']"
"이거 1만원짜리는 보질 못햇는데,,
가격이 생각보다 비싸서 구매하지 않았던 기억이 나네요,,","['못햇', '가격', '생각', '구매', '기억']",['비싸다'],"['보다', '늘다', '하다', '않다', '나다']"
난 이형이 리뷰 망할때마다 기분이 좋아져 이상해,"['난', '이형', '리뷰', '기분']","['망하다', '이상하다']",['좋아지다']
오 살려고 생각중이었는데 ㅋㅋㅋ 다행이다!!,"['생각', '다행']",[],"['살리다', '이다']"
트월킹 ㅋㅋㅋㅋ,['트월킹'],[],[]
헐.. 사려했는데 ㅋㅋㅋㅋ,['사려'],[],"['헐다', '하다']"
"와 나도 사보고 싶다라고 생각했던건데
근데 엉덩방아 찧을때 모서리로 찧어서 그런듯한데
그렇다 하더라도 좀 약해보이긴 함...
ㅋㅋㅋㅋ","['생각', '엉덩방아', '모서리', '약', '함']","['그렇다', '그렇다']","['오다', '나다', '사보다', '싶다', '하다', '찧다', '찧다', '하다', '해보다']"
지금 해외에서 주문해서 오고잇는데...하아,"['지금', '해외', '주문']",[],"['하다', '오다', '잇다']"
카카오 메이커스에서도 팔았었는데..,"['카카오', '메이커', '스']",[],['파다']
애들이 사용할 경우 위험할 수 있겠네요. 정말 걸쳐 앉을 정도로 조심히 써야. 그래도 차에 하나 두고 필요한 경우에만 사용하는 방법은 있겠어요.,"['애', '사용', '경우', '정말', '정도', '조심', '차', '하나', '경우', '사용', '방법']","['위험하다', '있다', '필요하다', '있다']","['하다', '걸치다', '앉다', '써다', '두다', '하다']"
"궁금했는데,    감사드립니다 ^^",['감사'],['궁금하다'],['드리다']
"미국 홈쇼핑류의 광고 위험하죠 ㅋㅋ 내구성 보여준다고 망치로 치는듯하게 찍고 편집한다던지 ㅋㅋ
만약 애들이 보고 올라가서 뛰다 부러지면 큰일났겟어요","['미국', '홈쇼핑', '류', '광고', '구성', '망치', '편집', '만약', '애', '보고', '큰일']",['위험하다'],"['보여주다', '치다', '하다', '찍다', '하다', '올라가다', '뛰다', '부러지다', '나다']"
"27초에 나온 지메이트인데
제가 1호 수령자입니다 ㅎㅎ
직접 대구에 가서 가져왔는데
참 오래전 일이네요.
지금도 보유 중","['메이트', '호', '수령', '직접', '대구', '지금', '보유', '중']",['이다'],"['나오다', '가다', '가져오다', '차다']"
이쁜 쓰레기가 만들어 졌군요,['쓰레기'],['이쁘다'],"['만들다', '지다']"
저두 관심있어 보던건데...감사합니다.,['관심'],['있다'],"['보다', '감사하다']"
플라스틱 의자가 만원..?,"['플라스틱', '의자', '만원']",[],[]
관심있게 보던 제품인데 이런 리뷰 너무 좋아요!!,"['관심', '제품', '리뷰']","['있다', '이렇다', '좋다']",['보다']
영태형 차량 무선 충전기 끝판왕좀 찾아주세요~^^,"['태형', '차량', '무선', '충전기', '끝판']",[],['찾다']
의자가 잘못 했네요 ㅎㄷㄷㄷㄷㄷㄷ,"['의자', '잘못']",[],['하다']
충격하중은 같은 힘이어도 정하중에 비해 약 두 배 크게 작용해요. 그러니까 150kg를 버틸 수 있다고 하면 (아마 광고를 위해서라도 살살앉는 기준으로 150kg일테니) 세게 앉는다는 조건에서는 75kg밖에 못버티는거죠. 물론 더 높이서 뛰면 당연히 더 낮은 무게밖에 버티지 못할거고요,"['충격', '하중', '힘', '이어도', '정', '하중', '약', '두', '배', '크게', '작용', '아마', '광고', '위', '살살', '기준', '조건', '높이', '무게']","['같다', '있다', '당연하다', '낮다']","['비다', '하다', '버티다', '하다', '하다', '앉다', '이다', '세다', '앉다', '버티다', '뛰다', '버티다', '하다']"
"영태형. 저도 저거 살라그랫는데 영상보고 접어버렷네요
휴대용 의자 추천좀 해주세요
제 체격은 수련씨만합니다(몸무게만)","['태형', '살라', '랫', '영상', '보고', '휴대', '의자', '추천', '체격', '수련', '몸무게']",[],"['늘다', '접다', '버리다', '해주다', '하다']"
우산 꽂이,['우산'],[],['꽂다']
나 이거샀는데... 🤦🏻‍♂️,[],[],['사다']
이형 구독자 왜 잘 안늘지?,"['이형', '독자']",[],"['자다', '늘다']"
부러진 층만 펼쳐지지 않게 붙여버리면 안되나요?,['층'],['안되다'],"['부러지다', '펼쳐지다', '않다', '붙이다', '버리다']"
구매를 하더라도 앉기만 해야겠네요 ㅋ,['구매'],[],"['하다', '앉다', '하다']"
명절에 매번 매표 실패로 간이 의자로 사려고 했는데 이정도면 실수씩이나요ㅋㅋㅋ,"['명절', '매번', '매표', '실패', '간이', '의자', '사려', '정도', '실수', '이나']",[],['하다']
밧데리 귀신~~,"['밧데리', '귀신']",[],[]
2등 ㅋㅋ,[],[],[]
진짜오랜만에 보는...,[],[],['보다']
영태형님. CHUWI와 Lenovo 제품 알리 링크도 올려주세요. Chuwi는 러시아 셀러만 있는듯해요.,"['태형', '제품', '알리', '링크', '러시아', '셀러', '해']",['있다'],"['오다', '올려주다', '늘다']"
시선이 위로가 있어서 뭔가 어색하네요,"['시선', '위로', '뭔가']","['있다', '어색하다']",[]
2등@!,[],[],[]
씽크비전은 덱스가 지원 되나모르겠는데 그거만 되도 가치가 있겠네요 ㅎ,"['덱스', '지원', '그거', '가치']",['있다'],"['크다', '비다', '되다', '모르다', '되다']"
넘나 오랜만이네여 ㅋㅋ,['만이'],[],['넘다']
영상 자주좀 올려주세요 ㅜㅜ,"['영상', '자주']",[],['올려주다']
집사님 4번이 없어요 ㅠㅠ,['집사'],['없다'],[]
"온라인 강의때문에 웹캠 구매는 돈이 좀 아깝더라고요 ㅋㅋ 
저는 스마트폰으로 웹캠을 대체해서 사용하고 있어요","['온라인', '강의', '때문', '웹캠', '구매', '돈', '스마트폰', '웹캠', '대체', '사용']","['아깝다', '있다']",['하다']
1등!,[],[],[]
"요즘 웹캠 정말 가격 올랐군요. 
초등학생용으로는 화면 큰 것이 오히려 좋더라고요  화면 큰 태블릿도 찾아봐 주세요","['요즘', '웹캠', '정말', '가격', '초등학생', '화면', '오히려', '화면', '태블릿']",['좋다'],"['오르다', '크다', '크다', '찾아보다', '줄다']"
엇 .로지텍 카메라 좋아요 .저는 예전에 화상영어 할때 샀는데 가격대비 좋고 가볍고 쓰기 편하고.,"['로지텍', '카메라', '예전', '화상', '영어', '가격', '대비', '쓰기']","['좋다', '좋다', '가볍다', '편하다']","['하다', '사다']"
제품링크는 어디에.....??,"['제품', '링크', '어디']",[],[]
와디즈에서 젠듀어를 사셨네요?? 바로 오나요? 아마존 보다 싼가요?,"['와디', '젠듀어', '바로', '아마존']",[],"['사다', '오다', '보다', '싸다']"
너무늦어요,[],[],['늦다']
형... 이제 애들 등교 시작했어... ㅋㅋㅋㅋㅋㅋㅋ,"['형', '이제', '애', '등교', '시작']",[],['하다']
전사지로 한글각인하는방법 알려주세요,"['전사지', '한글', '인하', '방법']",[],['알다']
"안녕하세요. 13.9 제안자 입니다. 정말 많은 말씀과 아이디어 너무나 감사 드립니다. 모든 말씀이 다 좋은 말씀이시고, 주신 댓글을  수십번 읽어보면서 많이 배우고, 더욱더 고민 되게 되었습니다.
IT 외국계 반도체 회사에서 개발 엔지니어 및 영업을 하다가 창업을 하게 되어, 진행을 하게 되었는데, 정말 잘 될 것같은 막연한 생각도 있었고, 하지만 제품을 가지고 거짓말 없이 1만명 이상을 만나 보았습니다. 반응이 너무 좋았지만, 역시 제품 알리기가 너무 어려습니다. 많은 분들의 고견 정말 감사 드리며, 영태님께도 감사의 말씀 드립니다.
이 제품의 취지는 요즘 너무나 많은 제품이 앱을 깔거나, BT pairing, 환경에 안 좋은 배터리등 복잡한 것을 싹 빼고, 쉽게 즐길 수 있도록 기획 제작을 하였습니다. 개발의 입장에서야 구구절절 히스토리가 많지만, 소비자의 입장에서는 단순함과 제품의 이해가 최고죠.
마켓에서는 이름을 바꾸어 SOLPLE로 판매 시작을 하였습니다. PACKAGE도 변경을 하여 조금 고급스러운 느낌으로...
댓글을 주신 분들께 전부 드리고 싶지만, 정말 써 보시고, 좋은 말씀, 비수가 박히는 말씀도 좋은 후기를 주실 수 있는 분께 보내 드리도록 하겠습니다. 제 메일이 stevenyeom.on@gmail.com으로 배송주소, 연락처, 존함을 주시면 연락을 드리고 배송 드리겠습니다. 말씀 주시는 분들 최대한 맞춰 드리도록 하겠습니다. 받아 보시고, 정말로 머리를 묶으셔도 좋구요...^^
뵙지 못하고 글로 남기고 이렇게 인사를 드려 죄송하며, 좋은 말씀 다시 한 번 감사 드립니다.
추후 받으시고 나서도 많은 의견 부탁 드립니다.~~~","['제안', '정말', '말씀', '아이디어', '감사', '모든', '말씀', '말씀', '주신', '댓글', '더욱더', '고민', '외국', '반도체', '회사', '개발', '엔지니어', '영업', '창업', '진행', '정말', '생각', '제품', '가지', '거짓말', '이상', '반응', '역시', '제품', '알리', '기', '고견', '정말', '감사', '영태', '감사', '말씀', '제품', '취지', '요즘', '제품', '앱', '환경', '배터리', '싹', '기획', '제작', '개발', '입장', '절절', '히스토리', '소비자', '입장', '제품', '이해', '최고', '마켓', '이름', '판매', '시작', '변경', '조금', '느낌', '댓글', '주신', '전부', '정말', '보시', '말씀', '비수', '말씀', '후기', '메일', '배송', '주소', '연락처', '존함', '주시', '연락', '배송', '말씀', '주시', '최대한', '보시', '머리', '못', '글', '인사', '말씀', '다시', '감사', '추후', '의견', '부탁']","['안녕하다', '이다', '많다', '좋다', '같다', '막연하다', '있다', '좋다', '많다', '많다', '좋다', '복잡하다', '있다', '많다', '단순하다', '고급스럽다', '좋다', '좋다', '있다', '좋다', '죄송하다', '좋다', '많다']","['드리다', '읽다', '보다', '배우다', '되어다', '하다', '하다', '되어다', '하다', '되어다', '자다', '되다', '만나다', '보다', '어리다', '드리다', '드리다', '깔다', '빼다', '쉬다', '즐기다', '하다', '바꾸다', '하다', '하다', '드리다', '싶다', '써다', '박히다', '줄다', '보내다', '드리다', '하다', '드리다', '드리다', '맞추다', '드리다', '하다', '받다', '묶다', '뵙다', '남다', '드리다', '하다', '드리다', '받다', '나서다', '드리다']"
"이 제품의 가장 문제가 마이크와 스피커 둘다 필요하다는 겁니다. 요즘 이 둘중에 한개는 거의 에코 기능 있습니다. 둘중 하나를 줄이는 기술이 필요하며, 히트 상품이 될려면 둘다 줄이는 기술이 필요합니다. 폰에서 헤드폰 장착용으론 뭔가 애매하죠. 에코를 넣는 이유가 남들에게 노래 잘하는 척 하기 위함 아닌가요? ㅋㅋ 참고로 노래방 마이크가 히트 친 이유가 둘다 줄인 상품 ㅋ 차라리 증폭기능을 넣어서 오디오 인터페이스와 팬텀 파워 마이크가 없이도 기존 일반인이 사용히는 스피커와 마이크만으로 음질은 좀 포기하더라도 노래방 기기처럼 짱짱하게 소리가 나온다면 내가 사용하는 컴터를 노래방기기로 바꿀수 있다는 컨셉으로 상품성 마케팅을 할 수 있지 않을까요?  예를들면 오디오 인터페이스 와 고성능 마이크 없이도 유튜브 엠알만 틀어도 내 PC가 노래방 기기가 된다 뭐 이런씩으로...","['제품', '가장', '문제', '마이크', '스피커', '요즘', '개', '거의', '에코', '기능', '하나', '기술', '히트', '상품', '기술', '폰', '헤드폰', '장', '착용', '뭔가', '에코', '이유', '남', '노래', '척', '위함', '참고', '노래방', '마이크', '히트', '친', '이유', '상품', '차라리', '증폭', '기능', '오디오', '인터페이스', '팬텀', '파워', '마이크', '기존', '일반인', '스피커', '마이크', '음질', '포기', '노래방', '기기', '소리', '사용', '컴터', '노래방', '기기', '컨셉', '상품', '마케팅', '오디오', '인터페이스', '고성능', '마이크', '유튜브', '엠알', '노래방', '기기']","['필요하다', '있다', '필요하다', '필요하다', '애매하다', '아니다', '없다', '용하다', '짱짱하다', '있다', '있다', '없다', '이렇다']","['두다', '겁니다', '줄이다', '되다', '두다', '줄이다', '넣다', '하다', '하다', '두다', '줄이다', '넣다', '하다', '나오다', '하다', '바꾸다', '하다', '않다', '오다', '틀다', '가다', '되다']"
"저거 앞에 젠더 하나 더 달아서 차에서 노래들을때 마이크 같이 연결하면 차량 노래방 되는거 아닌가요???
차에서 노래 들으면서 따라부를때 에코 없어서 심심 했는데 쓰면 좋을거 같아요 ㅋㅋ","['젠더', '하나', '차', '노래', '마이크', '차량', '노래방', '차', '노래', '에코', '심심']","['연결하다', '아니다', '없다', '좋다', '같다']","['달다', '되다', '들다', '따르다', '부르다', '하다', '쓰다']"
"엔지니어는 두가지 생각을 한다고 합니다. 다른 사람이 만든걸 어느 방향으로던가 더 개선을 해서 만드는 것, 아니면 다른 사람이 만들지 않은 것을 만드는 것. 제 생각엔 후자일 가능성이 높네요........ 새로 만드는건 뿌듯하겠지만 왜 다른 사람이 여태 안만들고 있었는지도 생각해야돼요.....","['엔지니어', '가지', '생각', '다른', '사람', '걸', '방향', '던', '개선', '다른', '사람', '생각', '후자', '가능성', '다른', '사람', '여태', '생각']","['아니다', '높다', '새롭다', '뿌듯하다', '있다']","['하다', '하다', '만들다', '하다', '만들다', '만들다', '않다', '만들다', '만들다', '만들다', '하다', '돼다']"
"흠... 흠.. 어다 쓰지. ... 컴퓨터 연결 + 스피커 연결 + 마이크 연결 ... 유트브 노래방 실행 .ㅡ.ㅡ? 에코로 할수 있는건 노래방 뿐인것 같네요. 
얘매 하네요..","['흠', '흠', '컴퓨터', '연결', '스피커', '연결', '마이크', '연결', '유트브', '노래방', '실행', '에코', '노래방', '얘매']","['있다', '뿐이다', '같다']","['쓰다', '하다', '하다']"
'노래방 젠더' 같은 직관적 작명이 더 좋을 것 같아요. 노래방마이크 사면 한두번 사서 놀다가 안 쓸것 같아서 구매하지 않은 사람들도 가지고 있는 이어폰으로 같은 효과 즐길 수 있으니 납득 안가는 이유 붙이는 것 보다 나을것 같아요😃,"['노래방', '젠더', '직관', '명', '노래방', '마이크', '사면', '사서', '구매', '사람', '가지', '이어폰', '효과', '납득', '이유']","['같다', '좋다', '같다', '같다', '있다', '같다', '있다', '같다']","['놀다', '쓸다', '하다', '않다', '즐기다', '가다', '붙이다', '보다', '나다']"
"멀티젠더라고 하길래 뭔가 다른 기능이 있는줄 알았습니다ㅎㅎㅎ
가격이 어느정도인지는 모르겠지만, 다른 음향효과가 있는 젠더를 여럿 만들 수 있다면 세트로 팔아도 좋을 것 같아요ㅎㅎ","['멀티', '젠더', '뭔가', '다른', '기능', '가격', '정도', '다른', '음향효과', '젠더', '여럿', '세트']","['있다', '있다', '있다', '좋다', '같다']","['하다', '알다', '모르다', '만들다', '파다']"
"음 동네마트에 타임세일 안내 멘트하시는 아저씨들이 떠올랐는데, 고출력이 된다면 그 분들께 권합니다. :D","['음', '마트', '타임세일', '안내', '멘트', '아저씨', '출력']",[],"['하다', '떠오르다', '되다', '권하다']"
"색소폰 계에 판매 추천합니다
연습할때 악기에 부착해서 음향 효과를 내면 울림으로 더 즐겁게 연주가 가능할듯합니다 
번창하세요","['색소폰', '계', '판매', '추천', '연습', '악기', '부착', '음향', '효과', '내면', '울림', '연주가', '번창']","['즐겁다', '가능하다']","['하다', '하다', '하다', '하다', '하다']"
ㅜㅜ 큐플레이 다시 하고 싶어요... 내 중딩때 추억이 어느새 딸아이 아빠가 되었네요! 정말 그때로 돌아가고 싶네요ㅜㅜ,"['큐', '플레이', '다시', '중딩', '추억', '딸아이', '아빠', '정말', '그때']",['어느새다'],"['하다', '싶다', '되어다', '돌아가다', '싶다']"
영태님!!! 콧소리만 빼시죠! ㅎㅎㅎ 라이브 잘들었습니다.,"['영태', '콧소리', '라이브']",[],"['빼다', '들다']"
구입하려고 링크드가서 찾아봤는데 없던데요...알리도 찾아보고 네이버로도 찾아봐도 영태형님 영상만나오고 없어요ㅠㅠ,"['구입', '링크', '알리', '네이버', '태형', '영상']","['없다', '없다']","['하다', '들어가다', '찾아보다', '찾아보다', '찾아보다', '나오다']"
그냥 DAC로 음질개선을 해줬으면 차라리 쓸모가 많을텐데... 정말 이건 어디다....쓰지...,"['그냥', '음질', '개선', '차라리', '쓸모', '정말', '어디']",['많다'],"['해주다', '쓰다']"
음..... 애~매하다,"['음', '애', '매하']",[],[]
"음 자료보니 애플의 라이트닝 헤드폰잭 어댑터랑 기능이 비슷한거 아닌가요? ... 뭐 얼마나 좋은 DAC, ADC IC를 사용했는지는 모르겠지만 올드폰 안드로이드 
업그레이드 문제로 오디오 전용으로 스마트폰을 이용하는 저에게는 매우 필요한 제품 입니다... ( 사용 않는 올드폰을 음악 전용으로 사용 ) 다만 출력이 2V이상 
나온다면 DNLA, 블루투스로 연결해서 ( 전용 오디오 앰프와 AUx 단자로 연결 ) 오디용으로 사용 가능

출력은 24bit, 96Khz, 출력전압 2V 까지 가능 하다면 금상첨하 ( 고음질 음악 재생용 )","['음', '자료', '애플', '라이트닝', '헤드폰', '잭', '어댑터', '기능', '얼마나', '사용', '올드폰', '안드로이드', '업그레이드', '문제', '오디오', '전용', '스마트폰', '이용', '매우', '제품', '사용', '올드폰', '음악', '전용', '사용', '다만', '출력', '이상', '블루투스', '전용', '오디오', '앰프', '단자', '연결', '오디', '사용', '가능', '출력', '출력', '전압', '가능', '금', '음질', '음악', '재생']","['비슷하다', '아니다', '좋다', '필요하다', '이다', '연결하다']","['보다', '하다', '모르다', '하다', '않다', '나오다', '하다']"
코로나 이후로 노래방에 못가는 많은 사람들을 위해 필요하겟는데요~~ㅋㅋ. 블루투스 마이크는 사실 너무 불편해요. 아니면 야구경기 중계보며 응원할 때 써도 될거 같구요. 신기한거 좋아하는 외국인들이 더 좋아하겠어요.,"['코로나', '이후', '노래방', '사람', '위해', '블루투스', '마이크', '사실', '야구', '경기', '중계', '응원', '외국인']","['많다', '필요하다', '불편하다', '아니다', '같다', '신기하다', '좋아하다', '좋아하다']","['가다', '보다', '하다', '써다', '되다']"
전화 Volte도 적용된다면 폰서트용으로 좋겠네요 ㅎ 컬투쇼에 전화연결 됐을 때 관종인증용으로..,"['전화', '적용', '폰서트용', '컬투쇼', '전화', '연결', '관', '종인', '증용']",['좋다'],"['되다', '돼다']"
이그노벨상 출품용,"['이그노벨상', '출품']",[],[]
"생각이 많아지는 제품이지만, 요즘같이 사회적거리두기일때 혼자 즐기기 좋을 것 같네요. 미국생활을 오래한 저로서는 어학 공부 중 Speaking and Listening에 엄청 좋을 것 같네요. 내 목소리를 듣는게 정말 쉽지 않거든요. 강추...성가대도 하는데, 오래해도 음이 안 맞는다고 항상 지적을 받는데, 많이 향상이 될 것 같네요. 내 목소리 리얼로 듣는 다는 것이 또 다른 신비감 아닐까 합니다. 세상이 힘든데, 힘 내시고, 좋은 글, 지지글 읽으시고 힘 내시고, 다소 마음에 들지 않는 글이라도 겸허히 받아 들이시면 꼭 성공하실 겁니다.
어디서 살 수 있는지 알려 주세요.. 13.9 검색하니 안 나와요....","['생각', '제품', '요즘', '사회', '거리', '혼자', '미국생활', '로서', '어학', '공부', '중', '목소리', '정말', '강추', '성가대', '해도', '음', '항상', '지적', '향상', '목소리', '리얼', '다른', '비감', '세상', '힘', '내시', '글', '지지', '글', '힘', '내시', '다소', '마음', '글', '겸허', '꼭', '살', '검색']","['좋다', '같다', '좋다', '같다', '같다', '아니다', '힘드다', '좋다', '성공하다', '있다']","['많아지다', '즐기다', '듣다', '쉬다', '않다', '하다', '맞다', '받다', '되다', '듣다', '달다', '하다', '읽다', '들다', '않다', '받다', '들이다', '겁니다', '알다', '줄다', '하다', '나오다']"
휴대폰 스피커마이크로 쓰면 되겠네요 사람들 많이 모여있을때 그거 끼고 말하면 좋을듯 가격이 비싸지 않는 한 선에서~~수고용~~,"['휴대폰', '스피커', '마이크로', '사람', '그거', '끼', '말', '가격', '선', '고용']","['좋다', '비싸다']","['쓰다', '되다', '모이다', '하다', '않다', '하다']"
도전에 찬사를,"['도전', '찬사']",[],[]
스마트폰 레드매직 5G 리뷰좀요,"['스마트폰', '레드', '매직', '리뷰']",[],[]
"생긴건 DAC인데... 에코가 붙는 노래방 젠더라니 

 흠 코로나19 때문에 노래방을 못 가니 집에서 노래를 부를 수 있게 해준다고 스토리를 만드는건 어떨까여?

마이크 입력이랑 스피커 출력이 따로 된다면, 소리를 스피커로 빼서 야외 버스킹이나 회사 야유회때 핸드폰을 간단한 오인페(앱 개발이 필요 할 수도)로 사용할 수 있을지도 모르겠네요.","['에코', '노래방', '젠더', '흠', '코로나', '때문', '노래방', '못', '집', '노래', '스토리', '마이크', '입력', '스피커', '출력', '소리', '스피커', '야외', '버스킹', '회사', '야유회', '핸드폰', '오인', '페', '앱', '개발', '필요', '수도', '사용']","['있다', '어떻다', '간단하다', '있다']","['생기다', '붙다', '가다', '부르다', '해주다', '만들다', '되다', '빼다', '하다', '하다', '모르다']"
영태형님 태블릿 차량 거치대 끝판왕좀 찾아주세요,"['태형', '태블릿', '차량', '거치', '끝판']",[],['찾다']
에브리씽이라는 어플을 자주 사용하면서 노는 집돌이인데 거기서 리버브가 몇개 빼고는 유료구매를 해야하더라구요!!특히나 그 리버브의 품질도 좋지 않구요. 컴퓨터 같은경우도 리버브를 프로그램으로 쓸수있지만 프로그램 자체가 직관적이지 않고 조작이 어렵구요.만약 리버브를 조절 할수 있다면 나름 매력적으로 느끼실분도 있으실 것 같네요. 하드웨어적으로 힘들다면 앱 같은걸로 조절할수 있으면 좋겠네요. 근데 메모리가 탑재 되지않아 설정 저장은 힘들겠죠??흠...차라리 좀더 크더라도 에코 조절되고 음성변조같은게 된다면 재미로 구매하실분들도 있을것같습니다.,"['에브리씽', '어플', '자주', '사용', '노', '집', '돌이', '거기', '리', '버브', '몇개', '유료', '구매', '리', '버브', '품질', '컴퓨터', '경우', '리', '버브', '프로그램', '프로그램', '자체', '직관', '조작', '만약', '리', '버브', '조절', '나름', '매력', '분도', '하드웨어', '앱', '조절', '메모리', '탑재', '설정', '저장', '흠', '차라리', '좀더', '에코', '조절', '음성', '변조', '재미', '구매']","['좋다', '같다', '어렵다', '있다', '있다', '같다', '힘들다', '같다', '있다', '좋다', '힘들다', '같다', '있다', '같다']","['하다', '빼다', '하다', '않다', '쓸다', '않다', '하다', '느끼다', '하다', '되다', '않다', '크다', '되다', '되다', '하다']"
"노래방 말곤 떠오르는게 딱히 없네요😅
짱구를 좀 굴려보면 1인 방송 제작하는 분들 중에 노래 콘텐츠를 주로 하는 분들에게 쓸 만한가 싶기도 한데 그런 분들은 보통 폰과 결합해서 쓸일이 없어서...애매합니다","['노래방', '짱구', '인', '방송', '제작', '중', '노래', '콘텐츠', '주로', '만하', '보통', '폰', '결합', '일이']","['딱하다', '없다', '굳다', '그렇다', '없다', '애매하다']","['말다', '떠오르다', '보다', '하다', '하다', '쓸다', '싶다', '하다', '쓸다']"
신기하기는 한데 신기하기만한게 문제인 제품이네요..ㅎㅎㅎ,"['게', '문제', '제품']","['신기하다', '신기하다']",[]
Asmr 녹음용이나 커버음원 녹음용으로 적당할거 같네요,"['녹음', '용이', '커버', '음원', '녹음']","['적당하다', '같다']",[]
"신기해 죽겠는데 하나 쓰고 싶은데 쓸일이 없음....


예전에 마이크 노래방 기기를 사서 쓰던 사람은 쓰겠지만 기존 안쓰던 사람들은 궂이 사서 노래를 부를 것 같지는 않음 


만약 내가 방송을 하는 입장이라면 방송 컨텐츠를 한때에는 이용하기 좋은 제품이라는 것은 변함 없는 것 같음 


추가 구성품으로 작은 마이크 하나를 추가 한다면 접근 성이 용이 하지 않을까 싶음","['하나', '일이', '예전', '마이크', '노래방', '기기', '사서', '사람', '기존', '사람', '궂', '사서', '노래', '만약', '방송', '입장', '라면', '방송', '컨텐츠', '이용', '제품', '추가', '성품', '마이크', '하나', '추가', '접근', '성', '용이']","['신기하다', '없다', '같다', '좋다', '변하다', '없다', '같다', '작다']","['죽다', '쓰다', '싶다', '쓸다', '쓰다', '쓰다', '쓰다', '부르다', '않다', '하다', '하다', '하다', '하다', '않다', '싶다']"
아프리카BJ 추천,"['아프리카', '추천']",[],[]
줘도 안써요,[],[],"['주다', '써다']"
"핸드폰을 통해서 녹음만 가능한건가요?^^ 만약 핸드폰에 자체 스피커 또는 블루투스 스피커 연결해서 사운드가 바로 나온다면, 학교나 기관 또는 술집이나, 집들이 가서 장기자랑용으로 노래 부를때  딱일듯 합니다. ^^ .  음량 시스템이 없는곳에서.. 즉석 노래방 마이크 만들기 ㅋㅋ","['핸드폰', '통해', '녹음', '가요', '만약', '핸드폰', '자체', '스피커', '블루투스', '스피커', '사운드', '바로', '학교', '기관', '술집', '집들이', '장기', '노래', '음량', '시스템', '곳', '즉석', '노래방', '마이크', '만들기']","['가능하다', '연결하다', '딱이다', '없다']","['나오다', '가다', '부르다', '하다']"
앱으로 연동해서 자신이 커스텀을 설정해서 음성을 조정할수 있으면 더 재미있을듯 하네요. (음성변조기로 범죄에 이용되려나요?),"['앱', '연동', '자신', '스텀', '설정', '음성', '조정', '음성', '변', '조기', '범죄', '이용']","['있다', '재미있다']","['하다', '크다', '하다', '하다', '하다', '되다']"
자주자주 얼굴 보여주세요!,['얼굴'],[],['보여주다']
"제가 이런 장비가 필요해졌습니다 ㅎㅎㅎ.. 지금 온라인으로 합창 수업을 해야 하는데, 폰에서 음악을 들으면서 녹음을 할 수 있게 하는 어플이나 장비가 필요해졌네요.. 다만 초딩인 학생들이 저걸 다 살수는 없지만요...그리고 만드신 분이 그냥 막 뿌려서 사람들이 놀다보면 쓸모를 알게 되지 않을까요? 기본적으로 언어공부하는 사랑에게 도움이 될수도 있을것 같구요. 자신의 발음이 얼마나 정확한지 정도? 시 녹음할 때 배경음악과 자신의 목소리를 들으며서 녹음할수 있다 정도? 자녀들에게 그림으로 된 구연 동화를 그림에 맞춰서 에코 빵빵하게 녹음하고 들려줄수 있는정도? 다른 것으로도 대부분 가능할 것 같지만요... 쉽게 자기가 좋아하는 가수와 듀엣으로  노래 하고 음반 만들수 있다는 것? 이게 가장 나은 것 같은데요","['장비', '지금', '온라인', '합창', '수업', '폰', '음악', '녹음', '어플', '장비', '다만', '초딩', '학생', '저걸', '살수', '만요', '그냥', '막', '사람', '쓸모', '알', '기본', '언어', '공부', '사랑', '도움', '자신', '발음', '얼마나', '정도', '시', '녹음', '배경음악', '자신', '목소리', '녹음', '정도', '자녀', '그림', '구연', '동화', '그림', '에코', '빵빵', '녹음', '정도', '다른', '대부분', '만요', '자기', '가수', '듀엣', '노래', '음반', '가장', '나은']","['이렇다', '필요하다', '있다', '필요하다', '없다', '있다', '같다', '정확하다', '있다', '있다', '가능하다', '같다', '좋아하다', '있다', '같다']","['하다', '하다', '들다', '하다', '하다', '만들다', '뿌리다', '놀다', '보다', '되다', '않다', '되다', '하다', '들다', '서다', '하다', '되다', '맞추다', '하다', '들려주다', '쉬다', '하다', '만들다']"
블루투스 스피커로 출력만 될수 있다면 쓰임이 좋을거 같은데요.. 충전과 동시에 안되는게 아쉽네요.. 충전 단자를 같이 만들면 안될까요? 노이즈가 들어가려나? 충전단자 만들고 듀엣부를수 있게 마이크단자 두개만들고 블루투스 스피커로 출력가능 하면 노래방기계 살필요가 없을거 같네요.. 불가능할거 같지만..,"['블루투스', '스피커', '출력', '충전', '동시', '충전', '단자', '노이즈', '충전', '단자', '듀엣', '마이크', '단자', '개', '블루투스', '스피커', '출력', '가능', '노래방', '기계', '요가']","['있다', '좋다', '같다', '안되다', '아쉽다', '안되다', '있다', '없다', '같다', '불가능하다', '같다']","['되다', '쓰이다', '만들다', '들어가다', '만들다', '부르다', '만들다', '하다', '살피다']"
영태형 라이브 노래자랑 때 사용하기 좋겠어요,"['태형', '라이브', '노래', '자랑', '사용']",['좋다'],['하다']
"핵노잼ㅋㅋㅋㅋㅋㅋㅋㅋ아아, 사람들 오해하겠네. 자막에 핵노잼 나온게 웃겨서 쓴 것 뿐입니다. 오해 ㄴㄴ","['핵', '노잼', '아아', '사람', '오해', '자막', '핵', '노잼', '오해']",['뿐이다'],"['하다', '나오다', '웃기다', '쓸다']"
"애코를 만들어주는것 말고는 별기능 없네..
그렇다면 노래 녹음하는 사람들이나 노래 연습하는 사람들어사면 필요할수도있겠지만
단점이 있다면 폰으로 노래 하는 사람들은 스마트폰을 USB C타입으로 쓰냐 아니냐 이게 문제일거고..
어차피 마이크와 해드폰만 본인에게 맞는 좋은걸 쓰면 완전히는 아니더라도
쓸만하게 정도는.. 아니면 사람들 많은대서 마이크를 써야되는 경우라거나..답이 나오네..

구지 고민할거 없을것같은 평범한 제품이라는게...","['애코', '기능', '노래', '녹음', '사람', '노래', '연습', '사람', '어사', '단점', '폰', '노래', '사람', '스마트폰', '타입', '어차피', '마이크', '해드폰', '본인', '만하', '정도', '사람', '마이크', '경우', '라거', '답', '구지', '고민', '제품', '게']","['없다', '그렇다', '필요하다', '있다', '있다', '아니다', '좋다', '완전하다', '아니다', '아니다', '많다', '없다', '같다', '평범하다']","['만들다', '하다', '하다', '하다', '쓰다', '맞다', '쓰다', '쓸다', '써다', '되다', '나오다', '하다']"
여자들 머리묶을때 쓰면 딱이겠네요,"['여자', '머리']",['딱이다'],"['묶다', '쓰다']"
신박하다 신박해. 여윽시 영태형.. 컨텐츠가 비정기적이어서 그렇지만 뭐.. 많은거 안보여줘도 되니까 신박한거 리뷰해줘요. 밖에 가지고 나가서 실사용으로 사용하는거 보여주시고.. 그랬음.. 한동안 안올라오면 유튜브 접었나 걱정? 암튼 좀 그래요.,"['박하', '박해', '여윽시', '태형', '컨텐츠', '비정', '기적', '신', '리뷰', '가지', '실', '사용', '사용', '유튜브', '걱정']","['많다', '박하다', '그렇다', '그렇다']","['보여주다', '되다', '해주다', '나가다', '하다', '보여주다', '올라오다', '접다']"
선따봉 후리플,"['선', '봉', '리플']",[],['따다']
베이스어스 포켓 궁금했는데 잘보고갑니다,"['베이스', '어스', '포켓']",['궁금하다'],"['보다', '가다']"
접의식 의자가 젤 신박하네요,"['접', '의식', '의자', '젤', '박하']",[],[]
휴대용 의자는 아니지만... 디스크때매 ㅎㅎ지하철에서 첫번째칸이나 마지막 칸에 낚시용의자로 앉아있는데... 좋아보이네요..,"['휴대', '의자', '디스크', '때매', '지하철', '첫', '칸', '마지막', '칸', '낚시', '용의자']","['아니다', '좋다']","['앉다', '보이다']"
쓸데없지만 갖고싶네요ㅋㅋ,[],['쓸데없다'],['갖다']
영태형 기다렸어용~ㅋ,['태형'],[],['기다리다']
재미있게 잘 봤습니다^^,[],['재미있다'],"['자다', '보다']"
의자 진짜 개꿀인데요 ㄷㄷ,"['의자', '개']",[],['꾸다']
올리자마자 싫어요 박는거보면 구독한거 같은데 싫어요 하려고 구독한건가?? 취향이 참.....,"['구독', '구독', '건가', '취향']","['싫다', '같다', '싫다']","['올리다', '박다', '보다', '하다', '차다']"
신기한 제품 정말 많네요...,"['제품', '정말']","['신기하다', '많다']",[]
드디어!,[],[],[]
접이식 의자가 대박입니다,"['접이식', '의자', '대박']",['이다'],[]
"의자 괜찮네요~
다른건...음..ㅎㅎㅎ","['의자', '음']","['괜찮다', '다르다']",[]
행님 간만입입니다~,"['행', '간만', '입']",['이다'],[]
모니터 거치대가 맘에 드는데 옆에 붙히는 거치대는 너무 쉽게 흔들리는거 아닌가요? 뭔가 불안해보이네요. 고정이 된다면 좋아보이는데요,"['모니터', '거치', '대가', '맘', '옆', '거치', '뭔가', '불안', '고정']","['아니다', '좋다']","['들다', '붙다', '쉬다', '흔들리다', '해보다', '되다', '보이다']"
곧 장마철이 다가올텐데. 거꾸로 우산 여전히 좋나요? 거꾸로 우산도 마지막 3단 접이식 자동 우산처럼 램프도 달리고 하면 좋을거 같네요.,"['장마철', '거꾸로', '우산', '거꾸로', '우산도', '마지막', '단', '접이식', '자동', '우산', '램프', '달리']","['여전하다', '좋다', '좋다', '같다']","['다가오다', '하다']"
과하지않고 적당한 화면전환 덕분에 더 몰입이 잘되네요 ㅎㅎ 피드백 잘해주시니 너무 감사합니다!,"['화면', '전환', '덕분', '몰입', '피드백']",['적당하다'],"['하다', '않다', '되다', '해주다', '감사하다']"
우산 신박 한데요? ㅋㅌ,"['우산', '박']",[],['하다']
알리에서 원산지출발국가라고 뜨는데 물건이 오지 안아요 오다 배 침몰 됐나봐요,"['알리', '원산지', '출발', '국가', '물건', '오지', '배', '침몰']",[],"['뜨다', '안다', '오다', '돼다', '보다']"
점점......,['점점'],[],[]
우산은 충전 어떻게 하나요??????,"['우산', '충전', '하나요']",['어떻다'],[]
휴머노이드 로봇해주세요,"['휴머노이드', '로봇']",[],['해주다']
?알리익스프레스사용해도되요  코로나 상관없나요,"['알리', '익스', '프레', '스', '용해도', '코로나']",['상관없다'],['되다']
"5번 제품은 그냥 다이소에만 가도 1,2천원에 주방용타이머 사도 상관없는거 아닌가요?","['제품', '그냥', '다이소', '가도', '주방', '타이머', '사도']","['상관없다', '아니다']",[]
"핑마그불! 요즘 집에서 자꾸 눕고만 싶었는데, 다시 의지가 생기네요!^^","['핑마그불', '요즘', '집', '자꾸', '다시', '의지']",[],"['눕다', '싶다', '생기다']"
"지금 단식 폭망해서 우울했는데 이 영상 보고 너무 위로받았어요 ㅠㅠ..
오늘부터 다시 간헐적 단식으로 시도해볼게요. 
좋은 영상 기획해주신 영태형님도 감사합니다.","['지금', '단식', '폭', '영상', '보고', '위로', '오늘', '다시', '간', '적', '단식', '시도', '영상', '기획', '태형']","['망하다', '우울하다', '좋다']","['받다', '헐다', '해보다', '해주다', '감사하다']"
"와 깜짝 놀랐어요!!! 아놀드 홍님 팬인데 영태형TV에 아놀드홍님께서 ㅎㅎ 이제 40을 향해 가고 있습니다. 더 늦기전에 올해는 반드시 건강한 몸을 만들어 보고자 3월부터 헬스장도 등록하고 열심히 운동하고 있어요. 간헐적 단식 방법과 노하우 영상으로 많이 찾아봤는데 책이 있으면 정말 도움이 될 것 같아요!!! 꼭 성공하고 싶습니당!!! 영태형, 아놀드홍님 두 분도 화이팅하세용!!","['깜짝', '아놀드', '홍', '팬', '태형', '아놀드', '홍', '이제', '향', '올해', '반드시', '몸', '보고', '헬스장', '등록', '운동', '간', '적', '단식', '방법', '노하우', '영상', '책', '정말', '도움', '꼭', '태형', '아놀드', '홍', '두', '분도', '화이팅']","['있다', '건강하다', '있다', '있다', '같다', '성공하다']","['오다', '놀라다', '하다', '가다', '늦다', '만들다', '헐다', '찾아보다', '되다', '싶다', '하다']"
"아놀드홍님 너무 잘생기셨네요♥
20년째 다이어트 하고 있는46살 남자입니다.
2020년에는 부지런히 운동할께요♥","['아놀드', '홍', '다이어트', '살', '남자', '운동']","['잘생기다', '있다', '이다', '부지런하다']","['하다', '하다']"
예전 아놀드홍님이랑 유튜브보고 푸쉬업바도 사고 다이어트에대해 관심도많아 저탄고지 쇼핑중독영태형때부터 봐왔습니더 ㅎ 뭐라도 해봐야겠네요 ㅎㅎ,"['예전', '아놀드', '홍', '유튜브', '보고', '푸쉬업', '바', '사고', '다이어트', '대해', '관심', '쇼핑중독', '태형', '습']",['많다'],"['타다', '보다', '오다', '뭐라다', '해보다']"
감사합니다,[],[],['감사하다']
"늘 잘 보고 있는데~ 역시나 운동 관련해서는 더 집중해서 보고, 구매도 하는 것 같네요
예전에 샤오미였나? 푸쉬업 바도 구매해서 사용했었는데... ㅠㅠ 
역시 운동은 아놀드 홍님 말씀 대로 입으로 하는 게 아닌...ㅠㅠ 몸으로 해야 하는데... 잘 있긴 한데... 역시나 잘 안되긴 합니다
다시 운동을 해야겠다~ 마음은 먹는데 잘 안되긴 하네요 ㅎ
체중 관리 = 건강 이 맞는 진 모르겠지만, 몸매 관리보단 이젠 건강을 위해서, 단기간이 아닌 계속 해야하는데.. 역시나 계속하기 위해선 먹는게 기본이 되야 할 것 같은...

예전에 간헐적 단식 아놀드 홍님이 하시는 거 봤었는데... 하시다 중간에 그만 하셨던 걸로 기억하는데... 
먼저 해보시겠다는 영상이여서 계속 보다.. 사람마다 다르겠구나~ 했던 기억이...

그럼에도 요즘에도 종종 나오는 말이라... 궁금하긴 하네요
저도 일단 한 발짝 이라도 움직여야 겠네요
2020 가즈아~","['보고', '역시', '운동', '관련', '집중', '보고', '구매', '예전', '샤오미', '푸쉬업', '바', '구매', '사용', '역시', '운동', '아놀드', '홍', '말씀', '대로', '입', '게', '몸', '역시', '다시', '운동', '마음', '체중', '관리', '건강', '진', '몸매', '관리', '젠', '건강', '위해', '단기간', '계속', '역시', '계속', '위해', '선', '기본', '예전', '간', '적', '단식', '아놀드', '홍', '중간', '기억', '먼저', '영상', '계속', '사람', '기억', '요즘', '종종', '말', '일단', '발짝', '가즈']","['있다', '같다', '아니다', '있다', '안되다', '안되다', '아니다', '같다', '다르다', '그렇다', '궁금하다']","['자다', '하다', '하다', '하다', '이다', '하다', '하다', '하다', '하다', '하다', '자다', '자다', '하다', '하다', '먹다', '자다', '하다', '맞다', '모르다', '하다', '하다', '먹다', '되다', '하다', '헐다', '하다', '보다', '하다', '하다', '하다', '해보다', '보다', '하다', '나오다', '하다', '하다', '움직이다', '겠다']"
항상 좋은 말씀 감사합니다. 건강 유의하세요,"['항상', '말씀', '건강', '유의']",['좋다'],"['감사하다', '하다']"
"자극 되는 말씀들 많이 해주시네요
택배요 컨텐츠를 기다리고 있었지만 중간중간 이런 좋은 컨텐츠는 대환영입니다 ㅎㅎ","['자극', '말씀', '택배', '컨텐츠', '중간', '중간', '컨텐츠', '대환영']","['있다', '이렇다', '좋다', '이다']","['되다', '해주다', '기다리다']"
"요새 살빼려고 나름 노력중입니다.
하루만보이상걷고 체지방계구매해서 매일 재고있습니다 ㅎ
지금 세자리수 몸무게를 두자리로 만드는걸 목표로하고있습니다 ㅎ","['요새', '나름', '노력', '하루', '보이', '체지방', '구매', '매일', '지금', '세자', '리수', '몸무게', '자리', '걸', '목표']","['살빼다', '이다']","['걷다', '하다', '재다', '만들다', '하다']"
"지금 체중 감량을 하고 있는데 2달 정도
정체기로 한달에 1-1.5 키로 겨우 빼고
있습니다

어떤때는 하루를 굶고 빠지지 않은 적도
있구요 하루 평균 운동 2시간 정도 입니다

누구보다도 열심히 한다고 생각하는데 정체기를 탈출하는 방법과 일정이하 몸무게 아래로 떨어 지지가 않습니다....

현재 8-9키로 정도 뺐고 앞으로 3키로 정도만 더 빼면 되는데 이게 쉽지가 않습니다 ㅠㅠ

앉았다 일어나면 어지럽고 새벽에 배가 고파서
일어 날때도 있는데 정말 빠지지 않습니다...

보기쉽게 정리된 책이 있다면 큰 도움이
될것 같습니다

방송 만으로도 도움이 된것 같아서 
감사드립니다^^","['지금', '체중', '감량', '달', '정도', '정체', '기', '달', '겨우', '하루', '적도', '하루', '평균', '운동', '정도', '누구', '생각', '정체', '탈출', '방법', '일정', '이하', '몸무게', '아래', '지지', '현재', '정도', '정도', '새벽', '배', '일어', '날때', '정말', '보기', '정리', '책', '도움', '방송', '도움', '감사']","['있다', '있다', '있다', '이다', '어지럽다', '고프다', '있다', '있다', '같다', '같다']","['하다', '빼다', '굶다', '빠지다', '않다', '하다', '하다', '기르다', '하다', '떨다', '않다', '빼다', '빼다', '되다', '쉬다', '않다', '앉다', '일어나다', '빠지다', '않다', '쉬다', '되다', '크다', '되다', '되다', '드리다']"
아놀드홍님 아프리카 추장 할머니같아요,"['아놀드', '홍', '아프리카', '추장', '할머니']",['같다'],[]
저기 혹시 뭐좀물어보고싶은것이있는대  알리익스프레스 지금도사용하시나요 전 사용하다 코로나이슈때문에 이용을 중지해서 영태형님이 문제없다고하시면 저도다시이용해보려구요,"['저기', '혹시', '뭐좀', '알리', '익스', '프레', '스', '지금', '도사', '사용', '코로나', '이슈', '때문', '이용', '중지', '태형', '문제']","['있다', '용하다', '없다']","['물어보다', '하다', '하다', '달다', '해보다']"
"안녕하세요 영태형님
메일보냈는데 확인 후 답변 회신 부탁드리겠습니다 ㅎㅎ
건강 조심하시고 좋은 하루 되세요~^^","['태형', '메일', '확인', '답변', '회신', '건강', '하루']","['안녕하다', '부탁드리다', '좋다']","['보내다', '조심하다', '되다']"
1?,[],[],[]
영태형팬으로서 저는 썸 네일 제목 시국상 불편하게 느끼시는 분들 있다생각합니다,"['태형', '팬', '썸', '네일', '제목', '시국', '생각']","['불편하다', '있다']","['느끼다', '하다']"
스마트 귀청소기 🤣🤣🤣🤣🤣,"['스마트', '청소기']",[],[]
하... 너무 바빠서 유튜브도 못보고 ㅂㄷㅂㄷ,['유튜브'],['바쁘다'],['보다']
"ㅋㅋ 저는 외이도염이 한번 걸린이후로 절대 귀를 파지 않습니다. ㅋ 의사선생님이 팔꿈치 보다 얇은건 귀구멍에 넣지 말라고 하셔서 ㅋㅋ
근데 신기하긴 하네요 ㅋㅋ","['염', '한번', '이후', '절대', '귀', '파지', '의사', '선생님', '팔꿈치', '구멍', '말']","['얇다', '신기하다']","['외다', '걸리다', '않다', '보다', '넣다', '하다', '하다']"
"영태형 덕분에
비데랑 헤어드라이기 너무 잘 쓰고 있어요 ㅋ

요즘 힘이좀 빠지신것 같은데 화이팅 입니다^^","['태형', '덕분', '비데', '헤어', '드라이기', '요즘', '힘', '화이팅']","['있다', '같다', '이다']","['자다', '쓰다', '빠지다']"
아침부터 영상 감사합니다 ^^,"['아침', '영상']",[],['감사하다']
샤오미 워터픽 후기가 어떤지 제일 궁금한데 리뷰영상은 오래걸리겠죠ㅠㅠ,"['샤오미', '워터', '픽', '후기', '제일', '리뷰', '영상']","['어떻다', '궁금하다']",['걸리다']
"너무 야한거 아냐???
속살을 보이다니....🤪🤪🤪🤪🤪",['살'],['야하다'],"['알다', '보이다']"
진짜로 많이 샀네요,[],[],['사다']
사회적 거리 두기가 최고죠 ...,"['사회', '거리', '두기', '최고']",[],[]
요즘 코로나19 의 바이러스퇴치에 효과좋다는 uvc 소독기에 관련해서 포스팅 기대합니다.,"['요즘', '코로나', '바이러스', '퇴치', '효과', '소독기', '관련', '포스팅']","['좋다', '기대하다']",['하다']
오 ㅎ 초음파 구강세정기 끌리네요 ㅎ 보고만 있어도 깨끗해 지는 기분이에요 ㅋㅋㅋ,"['초음파', '강세', '정기', '보고', '기분']","['있다', '깨끗하다']","['끌리다', '지다']"
"세정의 중요성... 
은근 탐나는게 있는데요 스타트에서 귀....
사용에 겁이 날 듯 하지만...^^~ 
저는 구강 세정이 있어도 사용 빈도가 거의 없더라구요~~



유쾌한 말씀에 귀에 쏘옥입니다...","['정의', '중요성', '은근', '스타트', '귀', '사용', '겁', '날', '듯', '구강', '정이', '사용', '빈도', '거의', '말씀', '귀', '옥']","['있다', '있다', '없다', '유쾌하다', '이다']","['타다', '쏘다']"
좋아용 홍홍홍,['홍홍홍'],['좋다'],[]
"수련이형한테 혼나셨어요?? 카메라 전환이 좀 줄어든 것 같네요.
드디어!! 드디어!! 드디어!!! 구입 가격까지 말씀해주셔서 너무 좋아요!!
감사합니다~ 건강 조심하세요~","['수련', '이형', '카메라', '전환', '구입', '가격', '말씀', '건강']","['같다', '좋다']","['혼나다', '줄어들다', '해주다', '감사하다', '조심하다']"
구독자가 늘어야 하는데 ...,['독자'],[],"['늘다', '하다']"
"에라클린 초음파 세척기 쓰고 있습니다, 작동할 때 소리가 꽤 큰 편입니다.
주로 안경 세척용으로 쓰고있고, 세척할 때 뭔가 때가 빠지는게 눈에 보여서 만족스럽게 쓰고 있습니다.
다른 초음파 세척기는 안써봐서 비교 리뷰 해 주셨으면 좋겠습니다.","['클린', '초음파', '세척', '기', '작동', '소리', '꽤', '편입', '니', '주로', '안경', '세척', '세척', '뭔가', '눈', '보', '만족', '다른', '초음파', '세척', '비교', '리뷰', '해']","['있다', '있다', '좋다']","['쓰다', '하다', '크다', '쓰다', '하다', '빠지다', '쓰다', '기다', '써다', '보다', '주다']"
미에어 맥스같은 디지안으로 하나 더 나왔군요,"['에어', '맥스', '하나']","['밉다', '같다']","['디지다', '나오다']"
영태형 비데 공구는 다시 없나요,"['태형', '비데', '공구', '다시']",['없다'],[]
"화면전환이 전보다는 조금 줄어들긴 했지만 여전히 정신 없어요 ㅠ 화면전환이 많으면 편집도 더 힘드실텐데 굳이 이렇게 많이 넣으시는건... 카메라도 2,3대정도면 충분할거같습니다.","['화면', '전환', '조금', '정신', '화면', '전환', '편집', '굳이', '카메라', '정도']","['여전하다', '없다', '많다', '힘들다', '충분하다', '같다']","['줄어들다', '하다', '넣다']"
"영태형 안망하는거죠
오래보고싶어요",['태형'],['망하다'],['보다']
이번 리뷰에는 없지만 샤오미 구강세정기와 초음파 세척기 가지고 있어요. 강추합니다. 최근에 구입한 제품중에는 샤오미 미지아 자동손세정기. 자동쓰레기통이 아주 만족스러워요. 작년에 구매할 때는 금방 왔는데 코로나 이후로 배송에 상당히 시간이 걸리네요.,"['이번', '리뷰', '샤오미', '강세정', '기와', '초음파', '세척', '기', '가지', '강', '최근', '구입', '제품', '샤오미', '미지', '자동', '손세정', '기', '자동', '쓰레기통', '아주', '작년', '구매', '금방', '코로나', '이후', '배송', '시간']","['없다', '있다', '추하다', '만족스럽다', '상당하다']","['하다', '오다', '걸리다']"
초음파 구강세정기는 신제품같네요. 요 제품의 가장 큰 단점은 물을 사용하다보니 물이 나오는 부위쪽에 물때까 낍니다. 입에 들어가는 건 아니니까 큰 걱정은 없는데 가끔 날카로운 도구를 이용해서 긁어내거나 청소용 티슈로 닦아야 합니다.,"['초음파', '강세정', '신제품', '제품', '가장', '단점', '물', '사용', '물이', '부위', '쪽', '물때', '입', '건', '걱정', '가끔', '도구', '이용', '청소', '티슈']","['같다', '아니다', '없다', '날카롭다']","['기다', '크다', '하다', '보다', '나오다', '끄다', '끼다', '들어가다', '크다', '하다', '긁다', '닦다', '하다']"
